Fiscal Year ,Summary Report Date,Date of Incident,Company,Preliminary Description of Incident,total,country,year,death_rate
FY 2009,7/24/2009,6/23/2009,"L.B. Thompson Inc., Tampa, FL 33610","Victim was inside a building bundling material and became ill, possible heat stroke.",200,United States,2009,0.11
FY 2009,7/24/2009,6/30/2009,"Presiliana Zamora, Conroe, TX 77304",Victim was on a scaffold doing repairs on an archway and the scaffold collapsed.,,,,
FY 2009,7/24/2009,7/6/2009,"Cesar Tapia, Miami, FL 33166","Victim was conducting roofing work, and fell through a hole in the roof, 25 feet to the concrete floor below.",,,,
FY 2009,7/24/2009,7/9/2009,"Knobel Refrigeration, Inc., North Platte, NE 69103",Victim was climbing a ladder while servicing an air-conditioning unit and fell from the ladder.,,,,
FY 2009,7/24/2009,7/11/2009,"Greensburg, PA 15601","Employees were throwing away old files. They had a dumpster on the forks in the raised position. In bringing the dumpster down on the forks, the load became unstable. Victim stood on the rear of the forklift to act as a counterbalance. The dumpster fell off the trucs, causing forktruck to lunge forward and the victim to strike his head on the overhead guard, falling to the ground.",,,,
FY 2009,7/24/2009,7/11/2009,"Lighthouse Electric, Boulder, CO 80301",Fatality at a bookstore under construction.,,,,
FY 2009,7/24/2009,7/15/2009,"Priority Energy Services, LLC, Raleigh, MS 39153","Victim was pressure testing a new metering station at a new pipeline construction project, when an explosion occurred.",,,,
FY 2009,7/24/2009,7/16/2009,"KM Davis Contracting Co., Inc., Marietta, GA 30008",Victim was standing on the side of the road and was struck by a car.,,,,
FY 2009,7/24/2009,7/18/2009,"Jenkins Electric, Post, TX 79356","Victim was working on a pole replacing a transformer, 14,400KV, and was electrocuted.",,,,
FY 2009,7/24/2009,7/18/2009,"Lariat Communications, De Kalb, TX 75559",Victim was installing coax cable hangers down the face of an existing tower and fell 60 to 100 feet.,,,,
FY 2009,7/24/2009,7/18/2009,"Larry Walty Roofing and Guttering, Inc,, Wichita, KS 67208",Victim was on a roof preparing an estimate. He started to come down from the roof and the ladder became dislodged. Victim fell 12 feet to the concrete driveway.,,,,
FY 2009,7/24/2009,7/18/2009,"Newohmer Brothers Feed Lot, Elgin, NE 68636",Victim was herding cattle for the feedlot from a horse. The horse stumbled and fell. Victim subsequently fell.,,,,
FY 2009,7/24/2009,7/20/2009,"Art Iron Works, Inc., Onconta, AL 35121","Victim was in the process of assembling a transition box, while removing the brace the box collapsed, crushing him.",,,,
FY 2009,7/24/2009,7/21/2009,"Fort Smith Garage Doors, Kibler, AR 72921",Victim was installing an overhead garage door. He was using a truck-mounted generator/welder to generate power for his tools. He was found unresponsive in the bed of the truck. Victim was electrocuted.,,,,
FY 2009,7/24/2009,7/21/2009,"SES Welding, LLC, Holly Bill, FL 32117","Victim was working under a disabled truck, disconnecting the drive shaft. The vehicle fell, crushing him.",,,,
FY 2009,7/24/2009,7/22/2009,"Allens Inc,, Siloam Springs, AR 72761","Victim was repairing a tote at the end of the line. The top tote fell over, crushing the victim.",,,,
FY 2009,7/24/2009,7/22/2009,"Howie's Tree Services, Merrick, NY 11566",Victim was working from the raised bucket of an aerial device. The boom and bucket fell to the ground.,,,,
FY 2009,7/24/2009,7/23/2009,"Martin Product Sales, LLC, Beaumont, TX 77705",Victim was on top of a railcar carrying elemental sulfur and was found unresponsive.,,,,
FY 2009,7/24/2009,7/24/2009,"Green Contractors of NY, Merrick NY 11566",Victim was working from a raised forklift and fell to the ground.,,,,
FY 2009,7/31/2009,5/15/2009,"Alvin Wynn Electric Company, Alapaha, GA 31622",Worker was replacing a breaker in a main panel at a saw mill and an arc blast occurred.,,,,
FY 2009,7/31/2009,7/1/2009,"Lakeridge Winery, Clermont, FL 34711",Worker was putting away a piece of lawn equipment and was stung twice by insects.,,,,
FY 2009,7/31/2009,7/10/2009,"Mandy Electric, Inc., Tampa, FL 33610","Worker was found on the ground with hot work gloves lying next to him, apparently electrocuted.",,,,
FY 2009,7/31/2009,7/17/2009,"Arthur Vincent & Sons Construction Inc, Armonk, NY 10504",Worker fell from a roof.,,,,
FY 2009,7/31/2009,7/20/2009,"W.W. Transport, Inc., Harriman, TN  37748","Worker was in the process of loosening straps on a load of pipe located on a flatbed trailer.  The load shifted, causing the pipe to fall and strike the worker.",,,,
FY 2009,7/31/2009,7/22/2009,"Antonio Renteria Framing, Austin, TX  78738","Worker was 12-feet high removing a roof truss and fell, striking his head on the front door concrete patio below.",,,,
FY 2009,7/31/2009,7/22/2009,"International Marble & Granite Supply, Inc., Chicago, IL  60622",Worker was working with an overhead crane and a bundle of 7-8 slabs of granite.  The slabs tipped over on the worker.,,,,
FY 2009,7/31/2009,7/23/2009,"T.T.C.S., LLC, Sabine Pass, TX  77655","Worker was on the roof of a modular home being placed on pilings.  Lightning struck the roof, electrocuting the worker.",,,,
FY 2009,7/31/2009,7/23/2009,"Timberwolf Tree Service, Inc., East Windsor, NJ  08520",Worker was crushed in a chip grinder.,,,,
FY 2009,7/31/2009,7/24/2009,"Charles McCarten & Son, Inc., Gibbstown, NJ  08027",Worker was caught between the bucket of a backhoe and a wooden deck attached to a building.,,,,
FY 2009,7/31/2009,7/25/2009,"Wenday South dba Wendy's, Dayton, OH  45459","Worker was working in the kitchen near the back sink.  She slipped and fell in a wet spot, striking her head on the floor.",,,,
FY 2009,7/31/2009,7/26/2009,"Hardrives Asphalt Company, Deerfield Beach, FL",Worker was in an aerial lift pressure washing a building and was electrocuted after the lift contacted an overhead powerline.,,,,
FY 2009,7/31/2009,7/26/2009,"Pyi Dell Gei a Services JV, Milton, FL",Worker was electrocuted.,,,,
FY 2009,7/31/2009,7/26/2009,"Williams Custom Carpentry, Inc., Lake Forest, IL  60045",Worker was removing trim from a window and fell 30 feet from a ladder.,,,,
FY 2009,7/31/2009,7/27/2009,"Davids Patio LTD, Springtown, TX  76082","Worker was performing work on the forks of a forklift truck.  The forks fell, striking the worker on the head.",,,,
FY 2009,7/31/2009,7/27/2009,"Jensen Construction Company, Pine Bluff, AR  71601","Employees were using a dozer to try and get an overturned all-terrain forklift back on its wheels.  They attached a synthetic strap with a shackle to pull the forklift and turn it upright.  The eye of the strap broke, striking the worker, who was in the cab.",,,,
FY 2009,7/31/2009,7/27/2009,"Light Bulbs, Etc., Wichita, KS  67219",Worker was working on a bucket truck repairing an exterior light fixture and fell 25 feet to the ground below.,,,,
FY 2009,7/31/2009,7/28/2009,"Austin Powder Company, McArthur, OH  45651","An explosion occurred, three employees were hospitalized.",,,,
FY 2009,7/31/2009,7/28/2009,"Cleco Power LLC, Leesville, LA  71446",Worker and another employee were closing a tap while clearing a branch from a downed powerline.  Worker was electrocuted.,,,,
FY 2009,7/31/2009,7/28/2009,"EK Construction, De Ridder, LA  70634","While clearing a branch from a downed powerline.  Worker was electrocuted, and died after being hospitalized.",,,,
FY 2009,7/31/2009,7/28/2009,"Martin's Tree Service, Chadds Ford, PA  19317",Worker was crushed by a tree that was being pulled down and back cut.,,,,
FY 2009,7/31/2009,7/28/2009,"Pike Sanitation Company, Waverly, OH  45690",Worker was doing trash collection and was struck by oncoming traffic.,,,,
FY 2009,7/31/2009,7/29/2009,"Aramark Corporation, Flushing, NY  11371",Worker was run over by a pickup truck.,,,,
FY 2009,7/31/2009,7/29/2009,"Basic Industries, Baton Rouge, LA  70817","Worker was stationary, being handed scaffold material from another employee  Worker collapsed after complaining about being ""woozy.""",,,,
FY 2009,7/31/2009,7/29/2009,"BLD Services, LLC, New Orleans, LA  70126","Worker was standing between a sewer bypass pump and an excavator.  The machine turned, crushing him between the excavator and the pump.",,,,
FY 2009,7/31/2009,7/30/2009,"Garfield Alloys, Garfield Hts., OH  44125",Worker was working on a pump in a magnesium recycling area.  He was in the process of turning a shaft with a pipe wrench to free up a vertical propeller when the hose connected to the pump either split or broke open.  The force of the steam blew him against a metal cage.,,,,
FY 2009,7/31/2009,7/30/2009,"Jerry Castle & Son Hi-Lift, Elk Grove Village, IL  60007",Worker was working under a lift truck performing maintenance.  The jacks failed and the lift truck fell on the worker.,,,,
FY 2009,7/31/2009,7/31/2009,"Ruth Lake Country Club, Hillsdale, IL  60521",Worker was standing on the back of a golf cart and fell off.  He was then run over by a truck.,,,,
FY 2009,8/7/2009,7/13/2009,"Saenz Transport dba Luis Saenz, Rhine, GA 31077","Victim was standing beside a tractor trailer dump truck operating the dump controls, unloading gravel. The load and the body shifted, causing the trailer to rollover, crushing the victim.",,,,
FY 2009,8/7/2009,7/23/2009,"Dausin Electric Company San Antonio, TX 78249",Victim was completing electrical work from a ladder. He was shocked and fell 8 feet to the ground.,,,,
FY 2009,8/7/2009,7/24/2009,"Tuttle's Machine and Supplies, New Iberia, LA 70563",Victim was polishing a shaft. The shaft flew out and struck him on the chest.,,,,
FY 2009,8/7/2009,7/27/2009,"Times Printing Co., Inc., Random Lake, WI 53075",Victim was noted to be somewhat disoriented and had a large knob on head.,,,,
FY 2009,8/7/2009,7/29/2009,"Mueller Copper Tube Co., Inc., Fulton, MS 38843","In replacing an air pump with an electric pump that was leaking naphtha, an explosion occurred. One employee fatality and one employee hospitalization.",,,,
FY 2009,8/7/2009,7/30/2009,"NOW Specialities, Inc. Dallas, TX 75202",Victim fell from a swing stage after the cable supports broke.,,,,
FY 2009,8/7/2009,7/31/2009,"Twin Oaks Moving Co., Inc., Wrightstown, NJ 08562",Victim fell 15 feet at an air freight terminal.,,,,
FY 2009,8/7/2009,8/3/2009,"OSO Construction, LLC Bayonne, NJ 07002",Victim fell 60 feet from a flat roof.,,,,
FY 2009,8/7/2009,8/4/2009,"CAMtech Precision Manufacturing, Inc. Euless, TX 76040",Victim was moving a large metal fixture with a bridge crane. The fixture slipped off the supports and crushed him.,,,,
FY 2009,8/7/2009,8/4/2009,"CGH Speciality Contractors, Inc. Independence, LA 70443","Victim, during the repair/construction of building gutters, fell from a mechanical lift.",,,,
FY 2009,8/7/2009,8/4/2009,"Perfecto Entreprise Company Inc., Staten Island, NY 10302",Victim was crushed by a skid steer bucket.,,,,
FY 2009,8/7/2009,8/4/2009,"Shawn Hoppingarner Roofing, Webster, TX 77598","Victim was performing roofing operations. While removing a skylight on the roof, stepped into the open hole and fell.",,,,
FY 2009,8/7/2009,8/4/2009,"Siller Brothers, Inc., McCall, ID 83638",Lightning struck a maintenance truck as it was on an airport tarmac. Four employees were hospitalized.,,,,
FY 2009,8/7/2009,8/4/2009,"YRC Corp., Dallas, TX 75247",Victim was returning to a job assignment and was struck by a yard-truck.,,,,
FY 2009,8/7/2009,8/5/2009,"Roofing/Renovations, Collage Point, NY 11356","Victim was installing roof shingles from a 20-foot aluminum ladder, contracted an electrical service and fell from the ladder.",,,,
FY 2009,8/7/2009,8/6/2009,"Albert J. Wagner & Son, Incorporated Chicago, IL 60614",Victim was at the jobsite to inspect and fell from the scaffolding.,,,,
FY 2009,8/7/2009,8/7/2009,"Eastcao Enterprises Incorporated, Myerstown, PA 17405",Victim was cutting steel from an aerial lift and fell 7-8 feet to the floor below.,,,,
FY 2009,8/14/2009,7/8/2009,"L&J Roustabout Batesville, TX 78829","Employees were removing a cap on a 12-inch natural gas pipeline. Employees working nearby were doing some oxygen/acetylene cutting. While removing the cap, natural gas escaped and was ignited by the cutting process. One employee fatality and two employees were hospitalized.",,,,
FY 2009,8/14/2009,8/2/2009,"United Parcel Service Co., Miami, FL 33152","Victim was unloading a palette of boxed flowers, and was struck on the torso, while pulling a box towards him. The stack of boxed fell, causing him to lose his balance, and fall backwards down 1'8"" high.",,,,
FY 2009,8/14/2009,8/3/2009,"L&L Fleet Services, LLC Madison, AL 35756","The safety supports failed on a dump truck bed, causing the bed of the dump truck to fall onto the victim, crushing him.",,,,
FY 2009,8/14/2009,8/6/2009,"Walt Disney World Lake Buena Vista, FL 32830","Victim, during a choreographed sword fight, stumbled and fell into a wall.",,,,
FY 2009,8/14/2009,8/6/2009,"Zodiac Services Americas College Park, GA 30337","Victim was found off his forklift, apparent heart attack.",,,,
FY 2009,8/14/2009,8/10/2009,"Sweeping Services of Texas - Operating LP Lewisville, TX 75022",Victim was picking up trash/debris along the roadside and was struck by a tire that had sheared off a truck axle.,,,,
FY 2009,8/14/2009,8/11/2009,"Lucas Construction Group, Inc. Avenel, NJ 07001",Victim was struck on the head by a metal trench plate.,,,,
FY 2009,8/14/2009,8/11/2009,"MJM Greenway Landscaping & Management, Inc. Port Orange, FL 32128","Victim was doing landscaping services. He was later found collapsed in the company truck, apparent heat stress.",,,,
FY 2009,8/14/2009,8/11/2009,"Superior Construction, LLC Jacksonville, FL 32256",Victim was surveying the ramp shoulder and was struck by an automobile.,,,,
FY 2009,8/14/2009,8/12/2009,"SMC, Inc. Odessa, TX 79764",Victim leaned across a horizontal milling machine turning at 138 RPM. One of the sleeves of his shirt was caught by either the spinning shaft or drift. Victim was pulled off the floor and wrapped around the shaft.,,,,
FY 2009,8/14/2009,8/12/2009,"Tank Builders, Inc. Richmond, TX 77407","Victim was welding on an overhead interior structure of a water tank, and collapsed on the scaffold, possible heat stress.",,,,
FY 2009,8/21/2009,8/2/2009,"Sisler Lumber Company New Creek, WV 26743","Victim was pouring gasoline into a carburator of a truck, it backfired and covered the victim with buring gasoline.",,,,
FY 2009,8/21/2009,8/7/2009,"Time Dameron Construction Co. Jackson, MO 63755","Victim was working on the second floor, nailing in window jams. He fell out of the window, 13 feet to the ground.",,,,
FY 2009,8/21/2009,8/10/2009,"Jersey Central Power & Light Company Wrightstown, NJ 08562",Victim was working on a circuit breaker and received an electricl shock.,,,,
FY 2009,8/21/2009,8/13/2009,"Craftsman Drywall Contractors LLC Houston, TX 77070",Victim was removing sheetrock and metal studs. He was electrocuted by exposed wires.,,,,
FY 2009,8/21/2009,8/13/2009,"Jim Stucco Inc. Lawrenceville, GA 30045",Victim died from a heat stroke.,,,,
FY 2009,8/21/2009,8/14/2009,"All Industrial Services, Inc. Monessen, PA 15062","Victim was removing a 5,000-pound valve using a 50-ton mobile truck crane. During the process, the valve came free from its rigging and fell through the scaffold platform that the victim was standing on. Both the valve and the victim fell 10 feet to the inside of the tank, with the valve pinning the victim to inside wall.",,,,
FY 2009,8/21/2009,8/14/2009,"John Molina Contracting New Kensington, PA 15068",Victim fell 18 feet from a ladder jack scaffold.,,,,
FY 2009,8/21/2009,8/14/2009,"Park-Mark Inc. Boonville, MO 65233",Victim was operating a walk-behind stripe groover machine and was struck from behind by an errant vehicle.,,,,
FY 2009,8/21/2009,8/14/2009,"Suarez Construction Pearland, TX 77581",Victim was working on a foundation of a single family residence. He collapsed outside the adjacent house.,,,,
FY 2009,8/21/2009,8/17/2009,"D&M Plumbing Sedalia, MO 65301","VIctim was working from a ladder, repairing a pipe in the kitchen area, and fell from the ladder.",,,,
FY 2009,8/21/2009,8/17/2009,"Industrial Builders, Inc. Medina, ND 58467","Victim was covering concrete with a burlap cover. The winds picked up the burlap cover, entagling the victim and pulled him off the bridge. He fell 18-20 feet to the dirt embankment below.",,,,
FY 2009,8/21/2009,8/17/2009,"Jim's Auto Service, L.L.C. Lake City, FL 32025","Victim was installing a ceiling light from a ladder and received an electrical shock from the light wiring. He fell 10 feet to the shop floor, stiking objects in the repair bay on his way down.",,,,
FY 2009,8/21/2009,8/17/2009,"Trinity Yachts, LLC. Gulfport, MS 39503",Victim was struck on the head by a traveling block of a ship-based crane.,,,,
FY 2009,8/21/2009,8/17/2009,"Walt Disney World Co. Lake Buena Vista, FL 32830","Victim was performing tumbling and roll movements, made contact with another employee and afterwards exhibited difficulty breathing.",,,,
FY 2009,8/21/2009,8/18/2009,"Boring &Tunneling Co. of America Houston, TX 77054",Victim was 140 feet inside a tunnel adjusting openings when the tunnel became filled with water. Victim drowned.,,,,
FY 2009,8/21/2009,8/18/2009,"Brock & Sons Construction Cincinnati, OH 45227",Victim was in a man-lift and was electrocuted.,,,,
FY 2009,8/21/2009,8/18/2009,"Delta Demolition, Inc. Chicago, IL 60616","Victim was driving a skid steer loader from a dumpster, suspended by a crane, at the 7th floor level of a building being demolished. He put the loader into reverse causing the suspended dumpster to swing away from the building, which resulted in the skid steer loader being thrown from the dumpster, falling to the ground below.",,,,
FY 2009,8/21/2009,8/18/2009,"Direct TV Home Service Inc. Eldrige, AL 35554","Victim was installing a new cable TV. While crawling under the house, came in contact with a bare wire, and was electrocuted.",,,,
FY 2009,8/21/2009,8/18/2009,"Metals USA - Royal Aluminum Groveland, FL 34736","Victim was preparing a piece of equipment for maintenance, and collapsed.",,,,
FY 2009,8/21/2009,8/18/2009,"Nova Restoration of NY Inc. Brooklyn, NY 11215",Victim fell five stories from a 2-point suspended scaffold after the cable broke.,,,,
FY 2009,8/21/2009,8/19/2009,"Denny Hornbeck Construction University City, MO 63130","Victim was on a ladder changing a light bulb, and fell.",,,,
FY 2009,8/21/2009,8/19/2009,"Fleek Farms, Inc. Celina, OH 45822","Victim was operating a forklift. The forklift turned, tipped over, and pinned the victim.",,,,
FY 2009,8/21/2009,8/19/2009,"LTD Lanscaping and Supplies, Inc. Houston, TX 77036",Victim was blowing leaves and debris. The leaf blower he was using contacted an air conditioning unit. Victim was electrocuted.,,,,
FY 2009,8/21/2009,8/20/2009,"Master Mechanical Services, Inc. Hinleah, FL 33012",Victim was performing welding operations and was electrocuted.,,,,
FY 2009,8/21/2009,8/20/2009,"U.S. Forest Service, Wallowa Whitman Nat. Forest Baker City, OR 87814",Victim was preparing a hover hookup and was struck by a snag or tree that had been dislodged b a helicopter rotor wash.,,,,
FY 2009,8/21/2009,8/20/2009,"U.S. Forest Service, Wallowa Whitman Nat. Forest, Baker City, OR 87814",Victim was preparing a hover hookup and was struck by a snag or tree that had been dislodged b a helicopter rotor wash.,,,,
FY 2009,8/28/2009,8/12/2009,"Heartland Affordable Housing Platteville, WI 53818","Victim was operating a lawn tractor and the tractor tipped over, rolling onto the victim.",,,,
FY 2009,8/28/2009,8/13/2009,"Advanced Utility Service, Inc. Sanford, FL 32773","Victim was working in an aerial lift upgrading three phases of an electrical distribution line. He was on the pole during the process of hoisting and moving the existing energized ""A"" phase and contacted energized conductors and was exposed to 7,620-volts of AC voltage. Victim was electrocuted.",,,,
FY 2009,8/28/2009,8/15/2009,"C.A. Franc Construction Washington, PA 15301",Victim was installing asphalt shingles and fell 40 feet to the ground.,,,,
FY 2009,8/28/2009,8/17/2009,"Ultimate Siding and Gutters, LLC Slidell, LA 70461",Victim was working from a basket lifted up by a rough terrain forklift that tipped over on its side.,,,,
FY 2009,8/28/2009,8/21/2009,"Asplundh Tree Expert Company Wilkinsburg, PA 15221","Victim was working in the basket of an articulating truck mounted boom. During movement of the boom, victim was catapulted out of the basket.",,,,
FY 2009,8/28/2009,8/21/2009,"Crane and Grain Service York, NE 68467","Victim was assembling a stairway on the outside of a grain bin. He was stepping from the stairs to a metal ladder and suffered an attack, possible electric shock and fell to the ground.",,,,
FY 2009,8/28/2009,8/21/2009,"Southeast Coastal Services Gibsonton, FL 33534","Victim was pressure washing a vessel standing on a scaffold 15 to 20 feet, and fell.",,,,
FY 2009,8/28/2009,8/22/2009,"Blockbuster Video Jamestown, ND 58401","Victim was working an outdoor sale at a store and was struck by a car, pinning the victim to the building.",,,,
FY 2009,8/28/2009,8/22/2009,"Taylor Brothers & Associates, Ltd. Paulding, OH 45879",Victim was performing drywall work and fell 9 feet from a tubular welded scaffold.,,,,
FY 2009,8/28/2009,8/24/2009,"Cooperative Producers, Inc. Ruskin, NE 60974","Victim was cleaning out a pit at a grain elevator. He was walking near the unguarded opening and fell through, 15-20 feet, to the bottom of the pit.",,,,
FY 2009,8/28/2009,8/24/2009,"Somerset Barn Equipment Canonsburg, PA 15317","Victim was in a 60-foot high silo unclogging a discharge hole. While in the process of drilling a hole and remvoing the pipe, the victim clutched his chest and fell over.",,,,
FY 2009,8/28/2009,8/25/2009,"Affordable Fast Gutters LLC Metairie, LA 70001",Victim was moving a ladder and touched the overhead power line with the ladder. He was electrocuted.,,,,
FY 2009,8/28/2009,8/25/2009,"Mark Young Construction Corp. Elizabeth, CO 80107",Victim was working from an 8-foot step ladder doing caulking on a ceiling/wall area and fell to the ground.,,,,
FY 2009,8/28/2009,8/25/2009,"Tri-State Electrical Contracting Inc. Bay Terrce, NY 11360",Victim was operating a knuckle boom truck and was crushed between the boom and the controls.,,,,
FY 2009,8/28/2009,8/26/2009,"ABC Salvage & Scrap Metal, Inc. Little Rock, AR 72210",Victim was struck and pinned by two track-hoes.,,,,
FY 2009,8/28/2009,8/26/2009,"Ace Coffee Bar, Inc. Streamwood, IL 60107",Victim was conducting service work on a coke vending machine and was electrocuted.,,,,
FY 2009,8/28/2009,8/26/2009,"Disney Stores USA, LLC Round Rock, TX 78864",Victim fell from a 3-step ladder.,,,,
FY 2009,8/28/2009,8/27/2009,"Whemco, Inc. (Ohio Foundry Division) Lima, OH","Victim, during a grinding operation, was struck by an exploding grinding wheel.",,,,
FY 2009,9/4/2009,8/26/2009,"Dekalb Co. Hwy. Dept., Public Sector, Smithville, TN",Employee was thrown from an asphalt roller while working on a road paving project (possible heart attack instead - more information will be provided after investigation).,,,,
FY 2009,9/4/2009,8/26/2009,"UCL, Inc., West Chester, OH 45069",Employee was involved in a bridge blasting and painting operation. Employee was wearing a harness but was not tied off to the horizontal lifeline. Fall from the elevated walkboard resulted in fatal injuries.,,,,
FY 2009,9/4/2009,8/27/2009,"Davis Buildings, Stigler, OK 74462","Employee was in the warehouse when a pallet of door panels stacked 15-feet high and weighing 850 lbs fell from the top of the stacked palets, crushing the employee.",,,,
FY 2009,9/4/2009,8/27/2009,"Volvo of Savannah, Savannah, GA 31406",Employee was working from a ladder and fell to the ground. Head injuries resulted in a fatality.,,,,
FY 2009,9/4/2009,8/28/2009,"JMR Concrete, Brooklyn, NY 11208",Employee was working with a gasoline powered scarifying machine. Probable cause of death was carbon monoxide poisoning.,,,,
FY 2009,9/4/2009,8/28/2009,"Konecranes Inc. dba Crane Pro, Henderson, KY","Employee was observed hanging by his harness from the bridge of a ""Kone"" 60-ton crane. After rescue, the coroner reported the cause of death was electrocution.",,,,
FY 2009,9/4/2009,8/28/2009,"Pro Elevator Services Inc., Brooklyn, NY 11218","Employee was below the elevator releasing the elevator jaws. The elevator dropped, crushing the employee.",,,,
FY 2009,9/4/2009,8/28/2009,"Tredco Tire Services, Elk Grove Village, IL 60007",Employee was installing a new tire. The explosive separation of the and its components resulted in fatal head injuries.,,,,
FY 2009,9/4/2009,9/1/2009,"Greenleaf Construction, Inc., Skokie, IL 60077",Employee was engaged in residential roofing work and fell 26 feet to his death.,,,,
FY 2009,9/4/2009,9/2/2009,"Coastal Drilling Land Company, Encinal, TX 78019",Employee was struck by a derrick.,,,,
FY 2009,9/4/2009,9/2/2009,"Meisenzahl Construction, Co., Naples, NY 14512",Employee operating a skid steer loader on a slope was killed when the skid stree loader rolled over.,,,,
FY 2009,9/11/2009,8/13/2009,"Millersburg Area Ambulance Association, Millerburg, PA 17061",Employee fell down the stairs. Stairs did not have a hand rail.,,,,
FY 2009,9/11/2009,8/18/2009,"Mariani & Richards, Inc., Pittsburgh, PA 15222",Employee was performing masonry work 250 feet above ground but was not wearing fall protection. Fall to the ground resulted in fatal injuries.,,,,
FY 2009,9/11/2009,9/2/2009,"HFM Food Service, HI",The worker was found in the freezer warehouse at forklift operator station.,,,,
FY 2009,9/11/2009,9/2/2009,"NYCDOC Rikers Island, East Elmhurst, NY 11370",The worker developed breathing problems. EMS arrived and took the Worker to the hospital. The worker died at the hospital.,,,,
FY 2009,9/11/2009,9/3/2009,"Power Piping Company, Clairton, PA 15025","Two employees were working inside a confined space area when an explosion occurred, then a fire. One employee fatality and one employee was hospitalized.",,,,
FY 2009,9/11/2009,9/4/2009,"Cross-Roads Asphalt Recycling, Inc., Columbia Station, OH 44028",Employee suffered a fatal heart attack while observing fire fighting activities at the workplace.,,,,
FY 2009,9/11/2009,9/4/2009,"Gulf Coast Surveyors, Inc., Port Arthur, TX 77641",Employee was aboard a vessel observing loading the compartment with calcined coke. He tripped over a coaming and struck his head on a vent pipe.,,,,
FY 2009,9/11/2009,9/4/2009,"Iowa Select Farms, LLP, Kanawha, IA 50126",Worker was power washing hog crates when he fell to the floor and became non-responsive.,,,,
FY 2009,9/11/2009,9/4/2009,"Nicholas Migliaccio, Long Valley, NJ 07853","As a tree limb was being lowered to the ground, the limb struck an employee causing fatal injuries.",,,,
FY 2009,9/11/2009,9/4/2009,"Northwest Abatement Services, Inc., Fort Lewis, WA 98433",Employee was found unconscious at the base of a fixed ladder. Employee transported to hospital where he was pronounced dead.,,,,
FY 2009,9/11/2009,9/4/2009,"Razban Enterprises dba Dominoes Pizza, Benton, KY 42025","Fatal heart attack. Worker was on a pizza delivery run, when his car ran off the road and struck a tree.",,,,
FY 2009,9/11/2009,9/8/2009,"Johnson's Tree Service, Cleveland, TN",Worker was crushed by a truck when it fell over on him while lowering a cut tree with the boom of the truck.,,,,
FY 2009,9/11/2009,9/8/2009,"Northland Services, Thorne Bay, AK 99919",Worker was loading containers on a barge and was found crushed between the containers.,,,,
FY 2009,9/11/2009,9/8/2009,"Western Engineering Company, Chappell, NE 69129",Employees were working on a road construction project. The back set of duals came off a trailer and struck the employees. One employee fatality and one employee hospitalization.,,,,
FY 2009,9/11/2009,9/9/2009,"Fresh Grocer, Drexel Hill, PA 19026","Employee was pulling a pallet. The pallet broke causing the employee to fallbackwards, hitting his head against a metal door.",,,,
FY 2009,9/11/2009,9/9/2009,"Huntington Manor FD, Huntington Station, NY 11746",The worker was first on the scene and called the fire department. He walked around the building to assess the situation. The worker collapsed as emergency responders arrived. He was transported to the hospital where he was pronounced dead.,,,,
FY 2009,9/11/2009,9/9/2009,"McKenzie Contracting, Mullins, SC 29574",The worker was operating a weed-eater on the side of the highway when he was struck by a car.,,,,
FY 2009,9/11/2009,9/10/2009,"Chipco LLC Oil & Gas Company, Londonderry, OH 45647",Employees were shutting down a natural gas well and flushing it with water. They disturbed a pocket of hydrogen sulfide and were overcome by the gas. One employee fatality and two employees were hospitalized.,,,,
FY 2009,9/11/2009,9/10/2009,"CMH Moving Inc., Hopkinsville, KY",A cable was hooked to a small trailer that was up against a tree. The trailer started moving and the Worker got between the trailer and the truck and was caught between the two.,,,,
FY 2009,9/18/2009,9/8/2009,"Transor Inc., Philadelphia, PA 19129",Worker was caught between a dock plate and a truck's trailer.,,,,
FY 2009,9/18/2009,9/10/2009,"Atlas SIgn, Houston, TX 77036",Worker was making a connector from a store sign to a breaker panel and was electrocuted.,,,,
FY 2009,9/18/2009,9/11/2009,"Outdoor Creations Landscape & Design, McGregor, IA 52157",The Worker was pinned under a construction trailer while working for Outdoor Creations Landscaping & Design. The tandem axle trailer was parked on a slight incline and began to roll backwards at some point pinning the Worker between the tires of the two axles.,,,,
FY 2009,9/18/2009,9/12/2009,"Edgewater Hotel & Casino, Laughlin, NV 89028",The Worker was found on the kitchen floor of the Edgewater Hotel & Casino. The Worker told a co-worker that he had collapsed on the floor. The co-worker went for help and when he returned the Worker was not responding. Attempts were made to revive him but he never responded.,,,,
FY 2009,9/18/2009,9/12/2009,"IBT, Inc., Merriam, KS 66203","Worker was standing on a scissor lift taking inventory and fell 5 feet, hitting his head on the cement below.",,,,
FY 2009,9/18/2009,9/13/2009,"Tony's Construction Service, Inc., Raleigh, NC",Worker was demolishing a concrete block wall when the wall collapsed striking the Worker resulting in crushing injuries which resulted in the fatality.,,,,
FY 2009,9/18/2009,9/14/2009,"Earth Words Solutions, WY",During culvert removal preparations the Worker placed himself in an excavation with no cave-in protection. The Worker was killed when a cave-in occurred.,,,,
FY 2009,9/18/2009,9/14/2009,"Gordon Bennett Painting Inc., Whitehouse Station, NJ 08889",Worker fell through a skylight.,,,,
FY 2009,9/18/2009,9/14/2009,"Issaquah Highlands Recreation Club, Issaquah, WA 98027",Worker died as a result of being struck by a dead alder tree.,,,,
FY 2009,9/18/2009,9/14/2009,"S & S Communication Specialists Inc., Wet Plains, MO 65775",Worker during the erection of a communication tower fell 325 feet.,,,,
FY 2009,9/18/2009,9/14/2009,"Scandrill, Inc., Logansport, LA 71049","Worker was struck by a pipe, knocked under a V-Door and fell through the V-Door to a catwalk 20 feet below.",,,,
FY 2009,9/18/2009,9/14/2009,"Terral Reverservice, Inc., Lake Providence, LA 71254","Worker was on a platform that collapsed, falling 25 feet.",,,,
FY 2009,9/18/2009,9/15/2009,"Commercial Brick Corporation, Wewoka, OK 74884",Worker was reaching in to straighten up brick that had fallen over to one side for the setting head and was caught between the brick and the setting head.,,,,
FY 2009,9/18/2009,9/15/2009,"Joaquin Sierra, Waterloo, IA 50701",The Worker fell and struck his head on cement. He was hospitalized and later passed away from his injuries.,,,,
FY 2009,9/18/2009,9/15/2009,"Myles Construction Company, Inc., Hopkins, SC 29061",The Worker was standing on an elevated template made of steel. The bottom cross brace of the lead struck and pinned the Worker's head against an existing pilling resulting in death.,,,,
FY 2009,9/18/2009,9/15/2009,"Priola Construction Corporation, Lake Charles, LA 70605","Employees were attempting to raise a 14 x 26 framed wall by hand and the wind increased. The wall fell, crushing the Worker and hospitalizing another employee.",,,,
FY 2009,9/18/2009,9/16/2009,"Bowman's Inc. of Mountain Home, Pocatello, ID 83201",Worker was buried in a trench.,,,,
FY 2009,9/18/2009,9/16/2009,"Hendren Tow Boat Company, Inc., Portland, OR 97217","Worker was boarding a tow boat and fell into the water, drowning.",,,,
FY 2009,9/18/2009,9/16/2009,"NYCPD 46 Pct., Bronx, NY 10457",The Worker collapsed in the locker room at the 46th Pct station house by an apparent heart failure. He was transported to St. Barnabas hospital where he was pronounced dead.,,,,
FY 2009,9/18/2009,9/16/2009,"Phillips Paving Company, Inc., Excelsior Springs, MO 64024",Worker was operating a Sakai Roller near the edge of a steep embankment and the Roller rolled off the embankment. The Worker jumped free and was crushed when the machine landed on top of him.,,,,
FY 2009,9/18/2009,9/17/2009,"Con-Tech Insulation LLC, Afton, MO 63123",Worker fell down an elevator shaft to the basement.,,,,
FY 2009,9/18/2009,9/17/2009,"Eugene Rayburn Lumber Co., Inc., Olive Hille, KY 41164",Worker was struck by a piece of lumber he was working on that kicked back and struck him in the chest. Cause of death was blunt force trauma.,,,,
FY 2009,9/18/2009,9/17/2009,"JW Senseney Orchards, Wenatchee, WA 98801","The Worker was run over by a concrete dump trailer. The Worker had severe spine, pelvic and skull injuries. He died from his injuries on 9/19/2006.",,,,
FY 2009,9/18/2009,9/17/2009,"Panda Garden Restaurant, Mesquite, NV 89027",The Worker was at the front desk of the Restaurant when he collapsed from an apparent heart attack. CPR was performed and he was transported to the hospital where he was pronounced dead.,,,,
FY 2009,9/18/2009,9/18/2009,"Strouhal Tire Centers, Corpus Christi, TX 78409","Worker was working under a front end loader utilizing a wooden block and a 20-ton bottle jack to lift a front end loader that fell, crushing the Worker.",,,,
FY 2009,9/18/2009,9/18/2009,"The Korte Company, Las Vegas, NV 89147",The Worker had come from the office trailer to the front lobby of the church where he was doing construction and collapsed. Workers administered CPR while on the phone with 911. He was transported to the hospital where he was pronounced dead.,,,,
FY 2009,9/25/2009,8/27/2009,"M.C. Dean, Inc., Doraville, GA 30340","Worker was working on a roof top performing some voltage testing on an exhaust fan. He fell 25.8 feet through the roof skylight, landing on the concrete inside the building.",,,,
FY 2009,9/25/2009,8/31/2009,"Future Lighting Services, LLC, Dublin, GA 31040","Worker was working from a scissor lift replacing a ballast to light a fixture. In connecting the ballast wires to the energized wires, worker received a fatal electrical shock and was electrocuted.",,,,
FY 2009,9/25/2009,9/11/2009,"Ault Bros. Inc. Electrical Contractors, Stuart, FL 34997","Worker fell 8 ft, 10 inches from a scaffold landing on the concrete floor below.",,,,
FY 2009,9/25/2009,9/11/2009,"J J Auto Air, Inc. dba Dependable Auto Repair, Winter Park, FL 32789","Worker was driving an ATV and lost control of the vehicle, running it into a wall.",,,,
FY 2009,9/25/2009,9/13/2009,"University of Chicago Hospitals, Chicago, IL 60637-1470","Worker was working with a strain of bacteria, and was complaining of shortness of breath and flu-like symptoms.",,,,
FY 2009,9/25/2009,9/14/2009,"Aarons Tree Service, Bradenton, FL 34208",Worker was cutting a tree and the limb he was cutting fell on him causing him to fall 40 feet to the ground below.,,,,
FY 2009,9/25/2009,9/14/2009,"Veolia Environmental Services Pinellas, Inc., St. Petersburg, FL 33716-2002",Worker was welding and was struck by a piece of metal.,,,,
FY 2009,9/25/2009,9/15/2009,"D & D Bluesprings LTD, Co., Eldridge, MO 65463","Worker fell off a mule, hitting his head on the gravel road.",,,,
FY 2009,9/25/2009,9/15/2009,"Fedex Express, Conway, AR 72032",Worker was delivering a package and was run over by a front end loader.,,,,
FY 2009,9/25/2009,9/15/2009,"Quincy Joist Co., Inc., Quincy, FL 32351-2714",Worker was struck by a joist.,,,,
FY 2009,9/25/2009,9/16/2009,"Northwest Illinois Construction, LLC, Morrison, IL 61270",Worker was struck by an on-site dump truck.,,,,
FY 2009,9/25/2009,9/18/2009,"K&C Auto Body Center, Inc., Syracuse, NY 13204",Worker was cutting off a drum. The drum exploded.,,,,
FY 2009,9/25/2009,9/18/2009,"Ocean Cable Group, Inc., Linwood, NJ 08221",Worker was removing an aerial drop and fell 20 feet from an extension ladder.,,,,
FY 2009,9/25/2009,9/18/2009,"Sams Club, Salina, KS 67401",Worker was found between a forklift and a metal beam.,,total,,
FY 2009,9/25/2009,9/19/2009,"Kelchner, Inc., Miamisburg, OH 45342",Worker fell and was run over by a bulldozer.,,200,,
FY 2009,9/25/2009,9/19/2009,"M.J. Electric, Florence, WI 54121",Worker was replacing a live line and wrecking out a couple of towers. Worker contacted a live line and was electrocuted.,,,,
FY 2009,9/25/2009,9/21/2009,"Hughes Erection and Fabrication, Bay St. Louis, MS 39520",Worker was in a manlift putting on an angle to a post and was found on the ground.,,,,
FY 2009,9/25/2009,9/21/2009,"Paper Tigers, Camden, AR 71701",Worker was welding near or on a baler and was discovered entrapped in the baler.,,,,
FY 2009,9/25/2009,9/23/2009,"Aurrora Elevator, Inc., Aurora, IA 50607",Worker was engulfed in a corn storage bin. Emergency rescue services discovered the worker buried beneath the corn.,,,,
FY 2009,9/25/2009,9/23/2009,"Superior Mobile Home and Transport, Greers Ferry, AR",Worker was spotting a mobile home. The home slipped off the jack onto the worker.,,,,
FY 2009,9/25/2009,9/24/2009,"Lattins Country Cider Mill & Farm, Olympia, WA 98501","The worker was confronted in the parking lot of Cider Mill. The worker ran into the barn, where shots were fired killing the worker.",,,,
FY 2009,9/25/2009,9/24/2009,"Underground Utilities Contractors, Inc., Cabot, AR 72023",Worker was installing a 7620-volt power line and was electrocuted.,,,,
FY 2009,9/25/2009,9/25/2009,"Cross Country Vans Inc., Bosque Farms, NM 87068",The worker was found by another transport driver unconscious. Attempts to revive were unsuccessful.,,,,
FY 2009,9/25/2009,9/25/2009,"Protection Service Inc., High Point, NC 27260",The worker was clearing a traffic control work zone when he was struck by a vehicle in the closed lane.,,,,
FY 2009,9/25/2009,9/25/2009,"Rooster, La Rue, OH 43332",Worker was cleaning poultry coops/bins and fell 18-20 feet off an extension ladder.,,,,
